id,first_name,last_name,home_phone,work_phone,cell_phone
62-9584378,Brena,Popham,8982462709,,4021034224
29-7349370,Sher,Mancer,3624511118,,5919895305
72-1066082,Gifford,Cringle,9354189110,,
02-4997637,Antonius,Grishaev,9998360897,,1755523312
59-9004227,Leandra,Auchterlonie,9728211849,,4169046134
83-6531286,Errol,Hacun,8079042883,,6376419147
45-9074994,Jeanine,Richings,8606129755,(771) 8876403,5597198573
15-8405354,Ramonda,Carnie,4704230883,,4328937609
88-3840629,Ogden,Jerrems,,,
60-6355363,Rochell,Fairlem,3102091237,,3278887398
33-2628819,Marcellina,McEttigen,7078658226,,4879593525
84-0472577,Alvinia,Corringham,5787652388,,
88-9919435,Greg,Danick,,,8347011815
05-9304367,Allayne,Wickersley,5692439730,,5055760896
08-4993220,Scot,Gumey,4505477261,,7517397261
96-7714423,Hetti,Robatham,6398433523,,4253410130
31-7975517,Lucian,Hardwick,9052398044,,6232292642
71-7368850,Ginelle,Leggon,6949607713,(578) 2541015,6913742477
97-2192751,Kristin,Redit,6715646957,,7656475716
27-5668416,Kip,Mabbe,2971462462,,3626660754
94-5782407,Wynn,Dowdall,2162933991,,9168757640
59-5255321,Modesta,Gosnell,7303764703,(189) 8492296,7743196664
62-0031576,Sherline,Kaasmann,,(917) 3346757,2188182379
50-1572547,Emelita,Hedgeley,6279306005,(280) 5886852,8666625550
70-0388022,Essy,Dukes,4228982690,,5582817897
42-2154717,Angelika,Darinton,2566864887,,4304162991
82-9341425,Elwin,Lindenstrauss,,,5213555962
74-6583226,Kelci,Veregan,9564121920,,7292550654
79-2776020,Gordon,Jedrzejewicz,2636500359,,
28-2368004,Lida,Huggons,,,9361694964
77-4611459,Nadean,Ledwith,5018792291,,6062003332
54-0783572,Felicity,Revans,2047307562,,1457229152
74-4271271,Gunar,Roden,,(224) 2780153,4345564113
89-5665940,Avictor,Witling,,,3572063450
61-7456573,Lorry,Winckworth,,,3094695539
89-9214828,Vin,Dorton,4973159407,,
83-9826494,Amity,Prebble,,,6787256365
24-4120468,Lisette,Antoni,,,3431405207
77-1067429,Vivianna,Rosedale,5826598068,,6196906239
30-7327490,Abelard,Brik,3957541594,,2025211105
19-6430072,Rich,Ianetti,1614193557,,1715786580
34-9824936,Bernette,Josskoviz,8694835495,,7142504899
26-0917436,Berton,Thomasset,,,8842390072
47-9153301,Darleen,Blinckhorne,8404078961,(276) 5870310,5109887295
83-8710278,Callida,Colegrove,2099366839,,1515607391
59-3747980,Reese,Walkey,8968007387,,
08-9056071,Lennie,Hruska,1456520407,,3181505153
75-0759739,Russell,Albinson,1605281644,,
89-5832885,Ryley,Sibray,7785166555,,2431804549
19-3700117,Raoul,Lowle,9182996817,,8905952521
48-5802992,Caprice,Feldbau,9079386538,,7601720078
65-8381403,Francesca,Klesse,7228275742,,7094380964
05-3783793,Dick,Gooly,2076968295,(783) 8187772,7699520202
20-5271470,Gilda,Smee,1916406223,,7307218812
78-2932139,Basile,Dilliston,2764013642,(202) 3020141,9316419929
10-5223691,Trueman,Gwinnett,2915251964,(275) 3701232,4517302929
93-1701695,Deirdre,Frow,,,6042234618
71-1509091,Teddy,Robshaw,8259969923,,3219942864
07-2913151,Verena,McGeachie,9087662385,,6411983178
87-7790157,Thalia,Watterson,9378232526,,6006966285
38-5315755,Claudell,Shaul,2814733794,,5078276537
28-0150720,Brooke,Arnason,5449198833,,2085286538
52-8113397,Melva,Wildman,6581334820,(453) 1960626,2173731892
54-5359743,Therese,Kas,,(304) 3000923,2487816070
88-2080138,Beret,Howles,8884780804,,4176779104
52-4684533,Tomlin,Stollwerck,,,7721341874
51-6047584,Cacilia,Stovell,2336148016,(491) 5436944,9588558597
16-3834577,Joannes,Spinella,3079826117,,
77-1639756,Archer,McMorran,9582440111,,7501814715
06-3909942,Melva,Morl,2359218459,,1918450969
74-2375147,Vivyan,Mapes,2253197200,,9853836701
20-9067537,Ashton,Genery,6818152414,(731) 9512681,2418841682
23-0486781,Donelle,Philipot,5376369311,,
63-8562065,Kerianne,McKee,9607564002,(861) 7052238,4527812944
22-0098210,Jacquenette,Crowther,5251948252,(195) 4210754,1566203077
11-1188272,Allayne,Clunan,6784703042,,1097183985
28-1876035,Isa,Rollin,5777755358,,3239947657
82-7552424,Annamarie,Salatino,,(455) 5056404,6122479185
03-1953635,Karine,Hillen,,,9425534337
29-3460491,Esma,O'Garmen,9148305255,,
04-8911763,Erek,Geely,6116333835,,6577189123
41-7276471,Sheela,Whitchurch,6121349715,(280) 8075044,1092608743
47-9045923,Aundrea,Janzen,2897631828,,5109541092
47-5646235,Evelyn,Cornew,2128007326,,5055341997
34-6078389,Araldo,Occleshaw,8948125095,,5816437354
79-9957532,Denys,Ghioni,2439738273,(431) 9250710,
10-0907522,Tilly,Beggan,3227993579,,8856931963
55-7773509,Aldrich,Probets,5393586608,,1583150895
07-7104696,Fowler,Billitteri,3708579176,,8909858922
65-0036818,Filip,Adamec,5214604422,,3644706442
06-7044110,Janie,Jackways,8639202484,(635) 7607751,2983081574
25-1528215,Austin,Paoli,3302520381,(763) 9360386,9752669536
29-9566543,Judah,Blackater,8093896912,(235) 9329646,8083657879
76-2211613,Teodorico,Grandisson,,,9172770214
32-7965272,Vanna,Dyment,1635040910,,
93-2319171,Cross,Gilardi,8679015092,(289) 9666601,3225462835
00-7708647,Web,Weddup,7818958225,,4213795369
14-8507500,Dannye,Pickrell,8137691143,,8012515557
20-9719744,Tammie,Wibberley,5296608461,,1167688553
30-8200606,Hodge,Ryal,5581773979,(395) 5556785,6628040416
89-3241521,Isaiah,Somerset,7952706284,(327) 3200059,
17-1142865,Lorine,Lerer,1379910569,,7538882474
47-6511137,Merridie,Wicher,9314648342,,
26-2442065,Mavis,Brownsmith,1865392066,,2921548556
02-2466071,Denna,Hearnes,7803317721,(824) 5036235,3221039708
73-8743927,Rodge,Philott,5133607736,(700) 9413357,9235696865
58-7964092,Sandy,Ussher,4483919128,,8342197349
56-2861790,Lulita,Epton,,(985) 2785670,5132959404
88-5602005,Fredrika,Dreini,8571143263,,1818984046
26-1827057,Lyssa,Kimbell,8222618670,(163) 3467244,7298356578
51-9572451,Diann,Merrington,,,9588923992
69-2790426,Mervin,Maypother,,,8819009851
72-9950232,Elsi,Le Jean,2555051584,,7831138462
69-4399459,Mick,Vasishchev,9357859429,,6375996649
95-8133616,Northrup,Kirtlan,2824391055,,4072731457
68-9214088,Suzi,Chadbourne,6506387179,(566) 5708496,
46-4842525,Grantley,Ciementini,8638455222,,3812633331
12-6837167,Dominick,Fleming,,,2907590438
17-1138654,Crosby,McKeggie,8808839408,,6945485578
90-2839883,Lela,Battams,,,6359985860
69-5472397,Lurlene,Trueman,3902873367,,8475496385
66-7193706,Mavis,Daughtry,8782002942,,
37-1416105,Kelwin,Hindmoor,,(566) 9019250,5275494553
97-7238417,Dolf,Frankom,2868032113,,2363303659
01-8307641,Shelba,Dreelan,,,6268776026
67-7846541,Dominique,Pagon,5334579878,,9353899980
37-5908362,Rita,Iacomettii,6297939003,,5276898369
05-6866916,Barbette,Durden,4386305529,(193) 2046478,
94-1639182,Myrtice,Brangan,,,3375340769
42-0865082,Phillis,Jamary,6643370332,,6333791285
96-7764546,Audy,Fairburn,,,4065818661
01-8968502,Dulce,Narbett,5919313877,,
45-3794834,Gregorius,Cormode,,,6992385932
51-1451650,Raynard,Barbisch,5009418332,(137) 6777936,1959091552
87-2042391,Ganny,Cliburn,4953887184,(936) 1638431,5975629236
50-4826467,Wandis,Covendon,4011872405,(412) 7024224,2051194948
93-3551070,Rowland,Perell,3044726645,(638) 7942060,3367769564
48-7598660,Hugo,Lackemann,1495024408,(923) 2785745,7564996451
61-0556642,Melisande,Rotherforth,,,9673495018
70-3633394,Roley,Perico,2059278637,(587) 8061683,2298432767
12-2167234,Ardis,Corsan,2117153577,(895) 1781962,
66-5948298,Ralf,Daen,,,
16-7770537,Lawrence,Sullens,,,2214936001
52-4762328,Cleo,Shine,2497387422,(363) 8006187,
49-2247132,Wernher,Wringe,4218697911,(242) 7499806,
11-1833868,Hobard,Corkill,4198814969,(978) 4735517,5804144723
61-6991890,Martino,Lindenman,2492347292,,6613876933
26-8798410,Oran,Broinlich,3802100758,,2262224460
39-6719055,Marlyn,Lindblom,2953577764,,7017297879
27-4090155,Bing,McCullagh,3957442843,(931) 6251659,3422025572
72-8439995,Oneida,Spinke,2415944531,,1541265639
52-9102061,Esma,Chastan,2881084591,(591) 1727362,
83-9921413,Rosemarie,Splevin,8352640387,,
46-5806162,Antin,Carlton,,(655) 6424173,7732469549
22-1724234,Norman,Dargie,3739493240,(438) 3874735,
99-8323446,Gayle,Goby,8427217174,,3493336916
81-7745131,Agatha,Davidsen,7839741758,(583) 9049827,8307124638
38-9209699,Kyle,Dykas,8269235095,(177) 7536661,
35-7997882,Lora,Lawrence,6631910401,(107) 9518717,7891010639
62-1065771,Bax,Woods,9926619643,,4102493178
56-1724822,Hildy,Hassekl,9339762478,(850) 9639595,1266150252
43-3664578,Gilles,De Simone,5138189699,,5217806947
58-6905206,Paxon,Guerre,,,9378039474
60-7770939,Berenice,Sink,2673029781,,1151918836
26-4790564,Jemmie,Ayling,7161736250,,
70-3185346,Merv,Jilliss,3606022988,(224) 8525340,1836005458
28-2910174,Vale,Adame,9848833640,,9426065731
20-7338125,Bernadene,Southwick,3659600092,(793) 6611409,1664342478
99-0374191,Krispin,Taylo,8504130594,,4751894774
41-8674188,Idalia,Shitliffe,1613085928,,6413783110
07-2126118,Inger,Rosi,2608911289,(322) 9384616,8565679072
96-6652096,Joelynn,Stickland,1303328419,,8358847223
46-9467620,Roldan,Sparsholt,7388572578,,3111614357
42-7278826,Gert,Cridlin,1897456695,,2299290281
98-3595847,Arlie,Mattack,7858166648,,8312393414
39-2112863,Drud,Feronet,3522055165,(803) 5545309,9079009900
15-9053185,Mellie,Tookey,,,3132717168
59-9283380,Lynea,Fedorchenko,2468275085,,
12-4293557,Analiese,Lichtfoth,4609235586,,7195457888
72-5883440,Perl,Schleswig-Holstein,,(791) 2288930,1857510053
33-1001250,Rita,Tuttiett,,,7794547365
99-0002685,Rodrigo,Shakesbye,9903280616,(273) 2615340,3909489349
03-6784051,Ardyth,Prall,2588279398,(698) 4351256,
40-7378765,Christoforo,Siney,,,1783261811
90-6114294,Skippie,Pickerin,8071747109,,7097396806
27-0910729,Rasia,Wasbrough,3938138190,(502) 2048326,8983295805
23-5205732,Glenda,Petri,,,3198573603
74-9854047,Kerri,Hancill,8057641544,,4735132380
17-7952240,Tynan,Arnau,,,8722311680
03-0507446,Elsi,Deniskevich,,,6308513527
23-3599926,Ronni,Nickels,4801124525,,2142397773
38-7956659,Cary,Cranidge,8607897322,,
05-4786850,Willette,Pledger,,,7512529533
34-4732923,Doralynn,Kenset,8048622037,,8274877621
49-2013855,Chelsie,Brookz,,(142) 1745654,5747447863
76-9074106,Urson,Downe,8184563721,,2815907938
94-2813019,Moira,Burgis,5633616897,(443) 1003732,2351430741
03-6436459,Cirillo,Egdal,4652777504,(770) 5905897,1705607594
58-0220102,Layton,Docksey,4505427977,(274) 2693853,4398414473
63-7661828,Sonny,Spivey,7499637934,,8865318372
76-6837774,Bernard,Riglar,1766116568,(938) 9721344,5707823339
27-6300352,Audrey,Babon,,,5085289241
89-3401132,Annabela,Caulder,,,7561755793
19-6066865,Stacie,Geater,9571972025,,2646863113
54-3905652,Koressa,Hoult,2729556385,,6876975281
27-8554666,Trace,Davidove,,,8643652133
16-1996246,Celestina,Deneve,4057607451,,9825154671
33-7140227,Shana,Lafflin,7571478382,,2798411702
72-3657114,Berny,Kernes,3536037896,,
52-1460532,Benton,Gooddie,,,6645065745
20-0572360,Tilda,Hansberry,6085433497,,
31-5007217,Quintin,Gaytor,1354151599,(264) 2010196,8294039877
07-6454036,Vladamir,Kerswill,,(836) 4611810,9932138994
17-9060810,Darlene,Wanek,,,8072268415
63-1966076,Burnard,Clethro,5126450506,(970) 7039054,8052666455
24-8200312,Koralle,Cake,4639882995,(385) 6873941,5629614869
82-9633388,Isis,Ducker,3311367081,,3308483068
06-3885580,Querida,Ortsmann,5365823700,,1712608063
30-5619143,Linda,Vasyutichev,1198540868,(432) 3080599,1349268795
25-3274675,Daven,Shallcross,9018231992,,8506704877
74-4600648,Myriam,Killshaw,3751039317,(291) 1785355,7881923533
09-9389764,Dewitt,Thirlwall,,(993) 9471596,
52-8019919,Lemmy,McIlwraith,2281383323,(222) 4978042,5338440956
70-1168799,Maxim,Fain,3036608406,,
95-2430591,Ginnie,Schonfelder,,,7496074650
00-8996580,Nona,Vlasyuk,8732551685,,2828309603
03-9048588,Portia,Spoors,1832267637,,1076700930
38-2942070,Elizabet,Child,,,8718708954
21-5633768,Kali,Goodlatt,4469543547,,4633037033
55-1877851,Woodie,Kimberley,5872293448,,9737142095
44-7284205,Gena,Campany,4388225922,,
34-9744950,Farrand,Riditch,9838002669,,
69-7553107,Sherlock,Stammer,3889521600,,6923958606
83-8748619,Ulberto,Hellmer,1713774757,,9317897189
85-5175416,Robers,O'Docherty,3282466451,,3504207030
35-5384901,Ailey,Vosper,2475606526,(408) 5551949,6134634912
10-2997477,Barbaraanne,Pudsall,3946864005,(296) 8497741,2068848293
12-4220268,Sebastian,Peasegood,,(205) 8562175,9733338470
17-2557314,Norton,MacDermand,,,6097495532
46-6034214,Rodney,Vurley,,,
07-5389719,Marc,Costar,9026742427,,9959801157
20-7803841,Henri,Handlin,5572044568,,4418112264
37-0153917,Jennilee,Iozefovich,1787238998,,3367329862
69-8155733,Lewie,Lockwood,,(881) 7265621,8435847414
09-3634290,Alain,Seymour,2606137745,(358) 4436520,6363367676
17-9116947,Nell,Blockwell,9738768522,,
89-9245334,Maisie,Mityashev,7574821518,(698) 8891294,1009412019
63-4718236,Claudette,Bevar,,,1839415999
73-1856462,Madalena,Crichten,4067124357,,3133561054
59-4622293,Basil,Pawelek,7278719822,,7434300019
47-8536009,Vivianna,Pinwell,8344744354,(693) 5144822,6759645347
23-6060215,Oriana,Leadbeatter,,,8641653181
33-4841633,Zaneta,Hollyland,2059496647,,2519435328
76-6155251,Lisa,Hugh,2742632414,,6242585738
20-2975937,Piper,Dovey,4139884169,(635) 6962912,9322954902
80-1465508,Harlan,Taye,4747842172,,6004616984
90-2058959,Idell,Munnion,2244077071,,4019788449
71-4159279,Sherline,Vanyakin,4661902643,,9955646564
95-2182782,Niel,Falco,9554110168,(441) 3646880,8665695967
26-2796423,Aleta,Sweatman,1738145403,,
61-5047211,Bibi,Dilland,7084659102,,4128405231
26-5973446,Chastity,Blockwell,6527685345,,1824322374
56-5867180,Esteban,Kite,5879731118,,6268074990
69-3344579,Debi,Sommerled,4304265919,,
50-5385656,Lovell,Gilleson,2777919211,(773) 7958803,2618203726
26-8773910,Analiese,Sparway,7099861052,,7874715196
29-6796062,Arly,Traher,9445950459,(811) 3734713,
85-6503074,Erie,Cuncliffe,7175616046,,2883987838
81-9741057,Palmer,Conford,9275289443,(732) 6554523,3805038039
64-4159101,Sonya,Andrewartha,1041575089,,4709628767
13-2909858,Mechelle,McAnalley,6764646813,,6446822337
01-5308321,Olivier,Moorwood,5576662054,(707) 8366956,9018135433
09-6552931,Dimitri,Goscomb,2266761879,,9199835146
54-1272048,Roderick,Glencrosche,5128406768,,9872977342
50-7801590,Janaya,Petrillo,4259166621,,5309619570
88-3157057,Suzette,Burgoin,1641681739,,2776308264
82-3911988,Ignaz,Callaby,,,
26-8622350,Lucinda,Leon,,(594) 5022899,1072984431
14-1971378,Kaylyn,Springall,9148402324,,6042717690
89-6110795,Sutton,Legan,5388078172,,6531912779
75-0179503,Patti,Latch,7761893383,,9627878271
06-8170478,Dennie,Lemasney,,,6681659272
63-8080724,Debor,Nesfield,,(228) 2416987,5681867406
97-0568977,Bruis,Gut,3339296689,,
39-3578815,Anabel,Quant,1866250776,(798) 1737458,5718863861
52-3676247,Milty,Gideon,7837894257,,6975520316
39-8203503,Valli,Dellit,1596119711,,
94-9286092,Daphene,Archard,4682927073,,2259364674
50-7792575,Austina,Midner,9129373949,,
87-7955540,Burt,Jakubski,9264966505,(409) 4451356,1192690000
81-0912668,Brier,Carthy,4471074280,(608) 2405320,
23-9160123,Blancha,Archer,4266169149,,9603825372
29-1569913,Angelique,Petranek,5946568733,,8441493582
62-3607106,Tracee,Judgkins,5324279980,,2348933707
37-0825858,Christophe,Ledford,3348350574,,
71-4350823,Jolyn,Della Scala,9706963891,,1164186768
53-5047172,Grete,Story,1561510381,,9201022212
95-8308343,Austine,Ivy,5462053354,,8615811978
73-8494277,Ariel,Thewless,5858640399,,1466869063
65-0518464,Ethyl,Mungin,2528876373,,5859378605
61-3308424,Neddy,Brandts,4236348312,(679) 9048549,1597654168
90-0660127,Romain,Dufer,6834964503,(483) 5137111,9517069950
79-3415223,Eleonore,Domeney,1997168186,,2698517542
32-0660856,Lyle,O'Moylan,9456113026,,7073274437
58-2183159,Janaye,Matsell,2364244235,,1561746149
10-9743152,Kim,Shivlin,8728475863,,7451572282
05-3249482,Marieann,Jeannard,7727439527,(183) 3500543,1171944905
78-1665334,Happy,Losel,4452920082,,7628664837
33-2460692,Jobi,Gerardeaux,,,1128837331
01-8097533,Murvyn,Treuge,8017148735,(613) 1903198,7728490091
55-0429610,Beilul,Andreuzzi,1207502801,,9959388376
31-0101638,Joelle,Persent,3432532511,(820) 8748478,9168017414
72-4210581,Standford,Spickett,8898334285,(702) 2579194,
68-8871599,Misha,Crady,2678973037,,
30-6312203,Kelila,Abatelli,5698569027,(930) 1434550,2775947339
99-5393255,Drusilla,Clissell,4983251086,,9781447468
47-1988742,Morgun,Meininger,6603435317,(770) 7659941,8462106110
90-4143896,Humfried,Benian,9703315778,,
47-7007976,Timothea,Ondrak,6158072387,,
41-1995642,Martha,Filipponi,4456012167,,2017351362
69-1325432,Yanaton,Pomroy,4538675109,(821) 6399587,9658723646
08-2851103,Valencia,Garthland,2635835052,,6913932076
30-4802806,Chicky,Ranken,,(273) 7747713,4271596748
27-0739349,Ripley,Banbridge,7803023991,(209) 6425772,9095167901
85-4206488,Yovonnda,Hinken,,,4816724710
98-9621063,Matilde,Wallbutton,,,9311748938
74-5645853,Peter,Pinsent,1633201524,,6225443738
12-4616908,Decca,McKechnie,3494560756,,
06-0252496,Elizabeth,Fist,4089650684,,
73-0783446,Emmie,Pannett,4598282068,,2775581874
23-3252122,Erna,Ximenez,5233424619,(564) 4475400,9975968840
13-5565978,Justina,Pinnegar,6553393173,(319) 2724557,2037436874
35-5901525,Gwenette,Cornelleau,6568336568,,7386754069
70-9645890,Normy,Bouchier,,,5287120955
71-6662671,Eddy,Muzzullo,9599440793,,3619978611
48-1349394,Analiese,Senechell,6366301168,,
81-1916302,Ofilia,Skipsea,2155537515,,1518138480
20-6946189,Meredithe,Sclanders,,,9181553227
31-4316335,Mitchael,Willimont,8892763479,,1434924823
80-1695381,Boyd,Gottschalk,,,6396971055
95-5741584,Melvyn,Camus,9354051784,(866) 3676133,3369663676
17-4306593,Gaile,Cullagh,5496554951,,4137516439
56-1100166,Elizabeth,McCraw,6627442649,,1549757450
53-1637029,Jason,Mityashin,3155614336,,6956801231
22-2886473,Malinde,Zylberdik,2367852662,(522) 3351899,9015020886
78-0234925,Michaeline,Kahan,5466331816,,
65-2066086,Meggi,Robion,4541799277,(873) 9116261,4601520606
33-0088054,Cindelyn,Bruggen,8308274086,,9094212353
71-5655004,Avictor,Rillett,2588649033,,
83-4275317,Kym,Gallagher,,,9951754622
50-3758673,Jaquelyn,Caghan,6034236435,,4031090928
24-2464560,Patsy,Hearfield,7059411392,,9144567104
31-4170891,Brose,Brearley,,(261) 3387206,8081795453
65-4928262,Chan,Cassidy,3711183371,,8164570130
99-8439931,Conan,Hegerty,3751924851,,2858509684
10-9783713,Holly,Arthey,6063572386,,
66-5772690,Gustave,See,1926243341,(437) 7031246,6556184105
51-3011235,Genevra,Schofield,4395022015,,
72-6300224,Marijo,Hawkswell,2718333417,,
44-5141349,Cherilynn,Lettuce,5574393781,,7047936264
96-7349475,Alwyn,Scole,6437980268,,3998314067
40-8133847,Grantley,Grishankov,,,
58-5145834,Cecilius,Janic,,,9675203847
95-0026553,Kippie,Peplow,2995632566,,4195711117
72-5552175,Fleming,Ysson,,,9133370779
34-4822688,Devon,Siveter,6959669815,,4576233167
69-9307126,Maxim,Oades,6172335341,,
92-9015352,Bernadina,Rash,2018928077,,5921726544
14-8570023,Nerti,Prendergast,4265726962,,6671258197
08-7396477,Jemmy,Hoodless,,(497) 2855874,1026849422
55-5211562,Vic,Millsap,1019294571,(151) 6986363,4698153855
12-7064148,Dannie,Crosskell,,,8333078218
39-8356978,Noe,Nand,7773806247,,7757697826
85-2711716,Arvin,Givens,1313580437,(418) 5578096,4959043911
16-4473640,Cahra,Kullmann,5801912363,,1091848648
84-7158546,Susie,Frankis,8371434266,,1298005040
34-9545922,Emory,Grubbe,2368806413,(595) 6669007,5417522288
41-5437176,Ellette,Wissby,4447417788,,5251576445
69-5910367,Marijo,McDonell,3558970153,,1866815159
62-0960981,Helaine,Assaf,6449906932,,8314662993
60-2816468,Amie,Gaythorpe,,(153) 3392528,1476555678
72-8718511,Jeane,Cant,,,6628007785
80-2919614,Jessy,Whitear,,,4979595639
68-1362063,Aeriel,Cocke,6198071101,,
21-0647828,Jocelyne,Dearnaley,8694955742,(353) 5830148,7449012554
09-8051094,Darda,Matskevich,7022773703,,
73-5931586,Lora,Lauridsen,8609342483,(911) 3711577,
05-7949310,Dave,Tithecote,3317143586,,
22-3543357,Ossie,Foxten,3223363552,,7264671929
60-6456321,Sonny,Cumberlidge,,,6626166291
17-5335808,Bobbye,Haskayne,3703733515,,2854969116
27-0384751,Estell,Kaye,7308749194,,5715815247
68-9948733,Valentin,Sillett,2247863671,,8383260648
02-3862464,Lowell,Dash,2075961590,(461) 1274197,4041644808
64-1554389,Guinna,Engley,7308120710,,6573536113
59-4221623,Agata,Barday,1085482564,,
23-8089395,Gunilla,Beeching,6894700406,(522) 9647607,2712244990
88-6282699,Eudora,Parsall,2225911835,,
10-5549447,Lorant,Casbon,3622724761,,7623425391
75-8107082,Toiboid,Yoskowitz,,,8212525638
07-8534540,Henri,Berney,3603339053,,8107760208
57-2975762,Emmalyn,Polkinghorne,8849315786,(858) 3870445,6814409628
80-5517928,Milka,Dubois,6165038790,(711) 4884586,4116833068
42-5779907,Gwendolen,Statham,2089254209,,5551047981
66-0465138,Shanda,Dumbarton,4028859343,,6716780327
84-4521193,Boris,Blunsen,9559569625,,3126055122
15-1325938,Dalli,Odney,2375836081,,4181059968
78-9548880,Nero,Meynell,2793989827,,3352691857
07-7446719,Jerri,Calltone,9181544418,,
50-9866470,Greggory,Gorling,6416823870,(877) 3477526,1313585120
66-9329833,Feliks,Shallcrass,1455733488,,8497843283
93-2338937,Dimitry,Jacqueminot,1035983078,,8979812960
08-5823509,Antoine,Skett,9257402533,,9339601257
56-4803447,Minnnie,McGuigan,,,4594851148
55-1837326,Jania,Cormack,,(296) 9953199,8478734065
13-7327337,Adrianna,Crohan,2997661214,(408) 9345566,4843997858
37-1916296,Starla,Gilks,,,7256627379
66-8766151,Curran,Habbes,3196393964,,7789941646
11-1209007,Rollin,Sanpher,,(520) 7704743,6083649362
90-2917885,Vernor,Attoc,5342151127,,6619003361
68-5344539,Sid,Camies,1235964506,,4425787687
38-7668496,Antonin,Simoneton,,,9975556818
42-2938128,Nicko,Tyson,,,1724981661
87-6647197,Hartwell,Oats,4185313300,,9137753312
04-3545618,Tawnya,Muff,4834696938,,8011713174
81-2665971,Beverley,Hamlyn,8255270791,,2853220402
46-1595594,Lee,Carlyon,,,3125028347
81-2307919,Maggie,Yven,9309386797,(596) 7038592,6767325355
32-2225457,Angelo,Occleshaw,2742330825,,
37-7087364,Minerva,Lathwell,7508679904,(944) 8952359,8758319697
65-9686768,Cornall,Roll,4941428826,,6009837383
14-3945347,Maurizia,McCamish,2426979578,,7075645807
35-0210866,Pepito,Densell,9258518526,,8286948912
53-1824830,Roarke,Meade,,,6521135907
85-0177451,Giorgi,Nutting,6894177991,,4857478834
72-9952108,Kimbell,Plaskitt,9897078787,,3906866758
84-7580709,Harmon,Chanter,2509193676,(591) 1282590,9888719032
54-7576797,Susi,Berrie,2514042727,,7708086170
34-0845237,Fran,Plewright,1764994950,,5698582642
25-8710840,Zelig,Yurukhin,,(388) 9020488,1137520964
18-7687880,Griselda,De Brett,3206405927,(788) 4210723,1329204253
55-5327685,Hadria,Braunlein,,(723) 1268722,
72-9915442,Ethelind,Feaster,8988143870,,4293844589
18-0551248,Betta,Sore,7848135513,(350) 9962547,1136807022
49-7827846,Lonnie,Copley,8283375689,,
40-9163234,Merola,Daverin,1883791504,,5128960825
31-9989838,Aguste,Speedin,3227317844,,8889809006
48-4182434,Shellie,Chaikovski,1076556166,,1498393805
71-3982567,Brear,Bottrill,2397925454,,6738441147
07-5576237,Irene,Gully,3164087925,,6796721209
18-3575752,Hermann,Vouls,4769217687,,6721483824
77-2230269,Linnea,Whyard,,,8612231817
93-4881377,Anne-corinne,Asplen,3439949627,,3115618993
54-1399541,Sylvia,Rydeard,6446526543,(424) 8175649,7804924461
69-7910288,Carla,Guiraud,,,
38-0771422,Roxine,Medcalfe,8079217107,,9168090755
30-4496467,Dolores,Pere,6814970209,,3747211090
59-6560399,Jannelle,Heinsh,5073481931,,5387235901
62-5690448,Kellina,Pendrill,,(206) 1326050,3125035444
73-5912529,Darill,Pringour,7885146080,(972) 7938297,2702888817
58-2362154,Lilia,Mariner,8614226155,(454) 8535208,4079690782
08-0305298,Elysha,Warratt,9231741647,,2837417112
22-3248692,Rosita,McTrustrie,,,4073784945
47-6676670,Octavia,Thornham,6756034013,,3049693459
51-1314233,Ansell,Oglevie,8697850066,(453) 9081904,5989454773
75-7202863,Clarita,Wrightson,2822092127,,3835794025
31-1563755,Stafani,Venus,3725782555,,8071369312
45-5436447,Aline,Gammie,8042444922,(807) 3152464,1955237750
92-8935617,Barthel,Shmyr,9372668578,,9012426208
68-8291576,Janette,Bresner,1852696885,(353) 3381272,2251688076
30-2328559,Basile,Tarver,2023612469,,4261716046
65-6030114,Keri,Fyall,4358820298,(119) 8151008,8417335804
39-2004917,Charmain,Elvish,5453522535,,2238360285
64-1237027,Rowland,Joannidi,,,9892816236
97-4543436,Northrup,Renoden,6343341597,,1967285285
42-3566592,Adan,Odegaard,7881128720,,8519424806
20-2255897,Ashil,Vescovini,7106554738,,2021338433
29-6245196,Korella,Abramamovh,4418714760,,8463030952
98-7818027,Winn,Vandrill,,,
54-2328433,Donnie,Sargint,9973050480,(490) 5612491,6785710192
67-3372053,Winfred,Killiam,6573207181,,6567228046
87-3362567,Gwyneth,Haveline,6745315436,,9224089711
55-7627843,Ole,Pitkethly,2759869325,(471) 1374785,3001127467
36-3726426,Melisandra,O'Hallagan,,(427) 2278052,
45-8162050,Thorstein,Halesworth,,(902) 6474327,5471301588
41-2549765,Dulcinea,McGinley,,,9347922351
96-1265269,Giorgio,Parsell,5638201532,,4266368091
46-9476501,Dell,Mahoney,9113916879,,9386423630
33-3160113,Ellyn,Aspinall,2608432344,,2739086978
05-4311608,Irwin,Lampet,6133299947,,5644549477
23-5785325,Dun,Nana,7716536739,(602) 9080265,2061484608
35-0920899,Ludvig,Applegarth,7363025755,,6301071431
15-6559787,Maressa,Linham,2782271980,,8604389620
06-4789613,Skyler,Linley,2793324863,,
79-4474123,Guy,Pollock,3869178381,(717) 7490836,5725759567
05-3917890,Barry,Merring,2388910348,,4509507951
45-7577292,Tremaine,Gheorghie,1201095882,,
94-7252727,Kimberlee,Gooke,,(228) 2554983,5853055847
17-7748054,Jennica,Madsen,,,3403382131
66-9117921,Dennie,Sudran,,(437) 9484114,5468495683
46-5568645,Oriana,Ackhurst,4123606596,,4604577141
27-5772165,Maximilian,Hearthfield,2207196600,,7331965775
96-7768472,Robin,Preon,9336100128,,6362725988
64-8775305,Eydie,Risley,2283682082,(282) 5901082,8107489480
03-1113108,Tyrus,Coye,6362592583,,2827534995
95-0640948,Alexia,Siviour,9668377593,,
67-7476698,Stacee,Adlard,8668439479,(560) 5775463,7324006907
88-8833424,Linet,Boutflour,4708580743,,8482034321
12-5901033,Vittorio,Treske,3355300710,(214) 8576452,6903826818
94-0348144,Nancie,Gratrix,7733381216,(993) 2899213,
67-9646957,Ainslie,Harnor,2544426417,,
66-7240239,Isabeau,Tixier,,(766) 7421396,8888472611
53-1472851,Cam,Leinweber,1631276497,(419) 4255186,1673922618
49-1989820,Antonina,Drennan,7997834814,(469) 8449325,9823503016
25-6324772,Vinny,Ponder,4789759163,,8824970392
81-8455060,Sheila,Tirkin,5359684808,,3116492919
74-5158660,Trev,Pleavin,9445086176,,7916358703
90-5989087,Reeva,Kirke,2989547759,,6803897483
04-9947516,Bili,Acreman,6208381860,,4037863703
07-9744301,Millisent,McRamsey,8426933464,,
33-7054654,Rania,Genner,6138239883,,9626222864
48-4686533,Candida,Boyen,6975192468,(491) 3909843,5816692332
99-9718470,Anastasie,Huby,8955996007,,4966064471
44-2152208,Catlin,Orwell,4134102555,,1693036378
85-9185336,Emery,Spurdon,8932944611,,8918754164
28-3369788,Lizabeth,Morrissey,9213405877,(512) 4920665,6578072917
02-2854439,Rodney,Fortye,3586015521,,4705912285
20-2027109,Correna,Kenneford,1784971172,(229) 1135809,5171623226
84-1875813,Clare,Coon,,(289) 5757356,4791383622
81-1880202,Avery,Hylden,6435478678,,9671202074
03-8245537,Kennith,Stebles,,,
69-1976738,Bobina,Couronne,3108579761,,
00-7390040,Nikolaus,O'Sherin,,,9894979928
79-6662349,Mariya,Goad,,,5164278321
23-1741925,Reuven,Ticic,2828279686,,8835451774
38-3367701,Tremaine,Keating,,,6826140065
15-6871446,Clay,Philott,7084114706,,7472507952
66-4526564,Drugi,Garcia,4995616112,,7762684192
91-4091073,Lonee,Gorring,,(979) 9607062,6212328875
15-0904543,Sada,Gosling,8314183019,,
89-2522341,Durant,Dutson,8722289483,(998) 1069979,5778826800
20-4481800,Milena,Jolliffe,3597514936,,
06-5393829,Amble,Loudiane,4726471689,,7132515653
65-9396801,Clark,Skoof,2521002720,(406) 2741057,5043916233
75-9278658,Ambrose,Jerrard,8363491428,,9991022249
99-4485773,Kiah,Jeans,5303561277,,7379224441
53-4708195,Virgina,Goodey,1958248510,,
29-7432163,Evy,Giovanetti,,,2936871945
02-4412083,Mel,Pinkard,6864705661,,2525010595
22-5513481,Desi,Rennie,7645190101,(532) 7768096,8999688939
47-8879650,Harley,Lakin,,,3138878714
58-1527145,Hort,Skilton,2032467603,,2709808364
31-6702097,Shanie,Ragbourne,4449601164,,9721383626
45-9254093,Kellina,Quig,4613138008,,1932404336
18-5343498,Maurene,Elmhurst,,,4243983224
18-8302868,Eimile,Chastenet,,(786) 6238091,8136902587
33-6584258,Hailee,Milne,8751459147,,6635780499
68-3631587,Ari,Haselhurst,7747211388,,7499046911
16-9002340,Ibbie,Sisneros,3283081534,,2026235145
26-4309864,Al,Labarre,7141899508,(949) 4116463,5684063186
50-5123096,Lisle,Baseke,9693933939,,8412881088
37-3243741,Caressa,Yeskov,9347446183,,
01-1106557,Rufus,O' Timony,3471667616,,8997915446
55-4511700,Camille,Akess,7872768650,,
77-6771037,Harrison,Warr,,(132) 5583941,5947934012
89-4127169,Gonzales,Durtnall,4924145517,,6114579349
96-7695038,Ondrea,Gratrix,,,1865051509
41-3919041,Catrina,Charlon,3992864137,,6392346989
37-8210693,Lonnie,Henner,5045370563,,1619904381
88-8327197,Corena,Berwick,8081973274,,6458172135
49-0264206,Sunny,Rumsey,9904277113,,4254891924
58-5467109,Lincoln,Ertelt,8582067576,,
27-3858099,Wye,Pollok,8183394496,,5424275571
45-9370689,Minerva,Runnalls,,,3984946052
84-6570016,Pennie,Albin,4679312235,(165) 7219155,7007014657
42-7293209,Arlana,Hargerie,7386004780,,6709787212
92-4566895,Angelique,Tremolieres,3061823347,(440) 6767870,2087044539
67-8597268,Donella,Burnup,,,2002138192
83-3921664,Bobbee,MacPhail,8238079817,,2936933643
34-3603388,Bev,Tremblay,9516548941,,2448702934
67-6276760,Clarissa,Rosettini,,(543) 1639475,9477329085
97-6300158,Delphine,Lomas,,,4694457757
29-7460677,Mareah,Mattiazzo,6878853793,(225) 2605879,5424616216
54-4708143,Cinda,Jacobbe,6619258009,,2497475919
38-7253765,Valera,de Copeman,8434169563,(961) 4477000,5451662036
31-4883318,Weidar,Shufflebotham,9278710738,,7519494404
80-4842621,Jarret,Chawner,3619928351,,2875626422
16-0300877,Aurilia,Guilliland,1741752763,,9214554608
49-9768715,Augy,Tourne,3011866630,,
90-3871905,Christoffer,Moohan,5238107468,(332) 4252508,5521779686
48-1073717,Malachi,Ivanishin,,,3169877439
87-8809816,Brant,Stigell,,,9648616242
49-3265455,Osbourn,Andrichuk,6924138599,,9613973005
76-7586427,Kyle,Pinkstone,9349807303,,8686535163
29-0005726,Fabe,Cassel,8853873174,,4392353990
26-9903925,Julienne,Duckering,6599282405,,3103099489
38-7551157,Ahmad,Cremins,2595807653,(245) 7615957,8125083408
18-6859206,Moll,McArdle,4875630421,,5364631326
82-0052016,Elwyn,Tomenson,,(630) 1285041,
00-2258409,Booth,Balchen,6208728375,,5674634499
38-1492680,Andy,De Atta,4108276498,(769) 4067175,8958592884
97-7195151,Blaire,Faulks,2379753991,(785) 1526577,8875000164
29-8173965,Huntlee,Ovett,,,
57-8983828,Andriette,Trassler,7612157818,,5483858904
63-8397685,Gardiner,Reffe,6654565649,,7277053689
51-7551065,Josie,Swinden,,,5865152979
45-5626941,Iggie,Scaife,9336499242,,7888827494
43-2121812,Ichabod,Ugolini,,,5523395204
27-5809426,Darby,Copas,7726844166,,6084347159
80-7042624,Konrad,Glassopp,1617683854,,6197046876
89-0017520,Eal,Pedican,3519928658,,1403478965
94-6186411,Shandeigh,McGivena,1876684853,,5803724253
27-2592361,Jasun,De Mars,6572487931,(644) 7278226,6059594215
79-1814611,Ema,Bastie,8549139048,(935) 5173168,4576471894
96-8366580,Salvador,Gallop,4961440902,(469) 5262547,
15-4911926,Raymond,Van Der Vlies,6736670789,,4185644286
94-1731589,Ricki,Andino,,,8432482308
53-0380533,Denice,Durnford,,(115) 5893258,2704278463
37-0266543,Darcie,Boissieux,5652709541,(866) 7538859,4977688478
47-1449745,Mano,Dixey,,,
00-8595834,Josefina,Alldred,2497695265,,3334466115
71-4208790,Barbabra,Roux,,(628) 9938494,5003260119
03-2210521,Reggie,O'Hearn,5579435947,,5337874818
53-8214839,Godart,Strike,9525941661,,5966631320
80-8358831,Reggie,Dolton,8502240375,,4632340691
56-3497376,Evangelina,Oseman,5719381038,,4589779168
61-6934712,Fabiano,Houseman,4843387719,,9113102462
48-9435741,Howard,Rissen,1843778210,,6237081604
59-9653254,Sigmund,Churly,8357641674,,9796330214
37-6901343,Terry,Jemmison,5434213175,,3604718307
64-5904594,Lotti,Studart,3302210452,,
41-0146443,Ardys,Morgans,,(930) 3440773,
95-6898359,Silvain,Serrell,6334244116,(737) 2718998,
63-4378897,Alfie,Marzelo,1694377138,,3142109992
58-6074987,Cathi,Bettinson,7529931582,(141) 8428427,3473845922
07-1295680,Garnet,Yell,8286321520,(835) 1982300,4225312578
23-4785646,Marven,Sackes,9589497529,,8504452021
84-4854915,Corine,O'Grogane,3771387872,(271) 8306237,7735138415
78-9110880,Michaelina,Dibling,8994741756,(551) 8247901,6065694016
66-0761834,Vonni,Doubrava,5112494520,,8925678128
21-2026236,Lem,Ever,1856795763,,1771402919
35-9082914,Jeff,Kaliszewski,4363516321,(637) 6395923,7788423604
29-5207850,Scarlett,Gerssam,7549195411,,8657693239
54-9057147,Shaylynn,Scrimgeour,6082256418,,9792469304
21-2729284,Angela,Akaster,6065373741,,1215491740
88-2101576,Sydney,Shillitto,7205536507,,2494988144
53-6605770,Gottfried,Eveleigh,4517977629,,
80-1155017,Sargent,Alton,3437992287,,
11-6376719,Lulu,Keeler,4584772088,,
54-3681278,Harwilll,Lantaph,4613216786,,
41-0183555,Christie,Bidewell,,,7026087651
11-7692631,Panchito,Mallya,3948213848,,
43-9961026,Helenka,Please,,,6494415897
43-5086826,Marleah,Crottagh,8947983584,,2538886526
93-4053104,Emanuele,Duggon,5657706331,,9367176344
29-0151616,Arnold,Loudon,8898463251,,
09-2784404,Dulce,Kleanthous,7775825843,(234) 1662867,9852167222
74-3912214,Theda,Marrows,2282857638,,5944179796
78-5518196,Brose,Daborne,4137093586,(217) 6524833,3221013367
21-8793178,Lyndsay,MacGaffey,2977679144,(823) 1813497,6734051620
20-8381428,Pip,Leghorn,5705598101,,
80-3542665,Jillian,Dudderidge,,,7103845738
22-8200041,Melva,Trustrie,,(196) 6387436,
94-8469684,Henrieta,Burleigh,7198765906,,5952321164
37-7098079,Erl,Backhouse,,,
44-3631480,Teddy,Ewen,7133915839,,2321313318
37-2780092,Cissy,Warcop,,(672) 9018076,8647077902
00-5671088,Meg,Macias,2889197860,(926) 9981447,6067608398
25-3104521,Fabio,Harme,7225974168,,
43-8274665,Morse,Tullot,3264777052,(159) 2514119,
43-9946014,Darrel,Burdfield,7845763647,,9713633571
29-2212483,Elias,Van der Beek,,(493) 7654066,
55-1191657,Charmain,Allibone,5707762226,,8564844917
05-2322652,Dion,Willshear,7748555366,,3535527838
00-6321053,Harriette,Grunnell,1032780212,(558) 5735290,7931391095
69-6285604,Kendre,Hainsworth,,,8372045729
49-6298254,Siward,Hatherall,4975484108,,1427577231
67-3331286,Louisa,Mathelin,5967342565,,
84-1427545,Waly,Jeffrey,6763861911,(201) 7491024,3405449342
32-4796864,Merla,D'Ambrosio,1182804373,,1146159617
96-5545184,Prudi,Treadwell,2541505165,,7604204913
52-5131499,Marcella,Chaffe,2692098278,,1584385004
64-0620870,Tisha,Heugle,4397786713,(550) 9101581,1108185744
18-6625182,Sheffy,Yekel,5995689894,,1795800116
92-2812593,Vanni,Pickerell,2782760115,(716) 3558278,
07-2415747,Chrissie,Fishbourne,3827933474,(717) 6314823,8768624145
76-0398685,Kirsteni,Benedict,5177070376,,2816027567
78-9300581,Garreth,Melly,8455524582,,4364448334
19-2042164,Lucky,Gawn,6873778573,(755) 6657430,1601075023
75-6424927,Jerad,Fetherby,3991398507,(264) 2677167,9112631597
51-3476100,Bessie,Schall,7078731981,(459) 7529856,2889303212
29-8328370,Caspar,Estable,,,1444024179
90-7025131,Casandra,Feaver,5303873863,(741) 5150906,2826476577
61-4601006,Hadley,Baldacchi,2553464796,,9463569293
03-2517735,Sonnie,Langtry,3694732703,,
78-9722215,Sterne,Ostridge,6032258390,,8529207040
64-7635158,Linnea,Thorburn,7186194440,(141) 8046314,4092584202
77-1727745,Marilee,Fear,5768888146,,4361729425
86-2168733,Kathlin,Mould,,,7239636303
31-2255911,Mandi,Cubbino,8411003142,,9124763084
93-0929351,Carver,Quibell,,,
14-0871321,Deerdre,Airton,,,6428510336
06-0294059,Danyette,Olivera,2133950263,(985) 5642858,8301131298
01-5785058,Melvin,de Clerq,5891832571,,1502761522
65-2073771,Etheline,Whettleton,9117095408,,7154455446
97-2381931,Estell,Montez,1373953393,,9321523218
85-0219232,Artur,Meaker,2383894353,,
81-0850212,Lou,McConnulty,5227773003,(105) 5872762,1509983319
52-4183513,Patrizius,Eatherton,6129431280,(813) 8011188,9185560240
39-4902027,Carina,Archer,1887161394,,8148232959
95-7316704,Caresa,Beincken,1708815877,,8884353711
80-4745784,Chelsae,Gulliford,9702915030,,5688941635
89-4478713,Temple,Nannizzi,2653129630,,1736674656
77-6018282,Wenonah,Casino,7918010563,(811) 5093506,3489972518
30-0714112,Donica,Flew,5855833226,(437) 9573119,8926365929
36-5327789,Walliw,Whiteson,,,7415926047
92-9980693,Artemis,Jarrett,9274099754,(813) 1545269,8218596522
92-0439037,Urban,Eyer,2167373518,,
65-4214161,Jaclyn,Harrad,,,
74-6231232,Natalee,Kadwallider,2121853743,,8287521084
59-9748688,Kerry,Yare,8403869986,(850) 3655355,4441715581
42-3357615,Norbert,Mayes,5614998355,(891) 3412625,1939848918
07-0738668,Udall,Voas,,,5883971057
42-0523011,Othella,Martino,2663770946,,
39-5349631,Paten,Paxeford,5093466618,,9797370312
97-6065910,Debby,Argente,,,7013337324
59-5648076,Brodie,Eardley,6365967357,,5205763837
60-0054415,Glori,Karlqvist,3413710849,,
67-2595836,Aubrey,Hellmer,8027202560,(851) 3010924,2124525213
06-8382764,Kessiah,McDugal,,(451) 8710432,8517579051
24-9915540,Milly,Papes,3806553973,(453) 3215975,2647585454
54-0283863,Puff,Humbell,5804501163,(944) 8676718,3872884140
34-9718237,Adrien,Charpin,5268371019,,1291031753
44-5119041,Noach,Sharram,2258060369,,8874128714
26-1529413,Wheeler,Carletti,5544145850,,3081292860
18-6050751,Cyndi,Merlin,,,1702927727
08-7648132,Lonnie,Rushforth,4577564015,(670) 6418285,3744248444
80-6918139,Arvy,Sterzaker,2041851201,(388) 7436365,7298949813
50-5563941,Cherice,Cusiter,7342727017,(166) 6299948,7472839183
98-6446169,Meredeth,Coniam,1382900037,,4055743307
59-6434140,Kirk,D'Adda,8739584874,(408) 9126209,4071881211
16-0191701,Lucho,Fallen,2696461293,(100) 4559121,8968020473
04-4900493,Linda,Attenbarrow,7961369549,,7059680821
64-0236548,Halley,Selvester,6696235156,,5279290920
94-6976101,Sue,Bushnell,,,4492503597
24-8542485,Biddie,Le Sieur,4326020452,(924) 1165121,8704375644
20-5581835,Brietta,Flay,5112553143,,5279323203
00-4486967,Tara,Oscroft,1804650427,,5756396156
13-0417175,Fairfax,Gresswell,6984006374,,4332383948
48-7408584,Eleen,Folan,,,
61-5515588,Lucky,Scoggin,2172492039,,
91-5042477,Farleigh,Morando,7031940567,(445) 7464410,5713146796
44-1592860,Charity,Johansson,5883910116,,2256775523
73-4094977,Germayne,Mattes,2697656890,,5677400283
62-0729596,Scarlet,Roadnight,9969938675,,4715647562
26-6863459,Terese,Patty,5019562972,,7606889615
20-5344069,Vannie,Breckwell,5574504373,,9891962218
35-3128949,Faun,Peskin,5998582414,(445) 5934355,1954346225
40-7538769,Oneida,Beney,9185134803,(839) 5448894,9685855513
43-8996071,Karlee,Braund,1614088910,(742) 5736743,1892151026
54-0188595,Sargent,Janjusevic,7558384843,(198) 3238602,6529880817
25-7830478,Blondy,Popescu,,,6232714714
78-8211601,Ignaz,Laguerre,9658342554,(903) 4024820,
28-6733153,Diannne,Kline,5832355597,(358) 2504370,4187426069
20-5892558,Fawnia,Vesque,7945517773,,2079715965
39-4641661,Eduino,Beaufoy,4163291167,,8894892770
60-1240035,Erin,Hinze,3437264628,,3555867948
29-7430584,Hailee,Bestar,7397592775,,1093704752
54-2086970,Koo,Ellyatt,5658963343,,3013590241
07-1031814,Bat,Mourant,2096825495,,6372026604
12-2233780,Hunter,Hannan,3303566071,(808) 3824833,4134059853
55-4664255,Vitoria,Choudhury,8409673590,,2615381327
09-6082117,Trenna,McGuinley,7261613893,,9417774001
06-1590009,Ami,Viegas,3828603113,,2704780166
48-0518040,Rikki,Fotheringham,,,9119457172
41-0645038,Harri,Rault,,,2077790907
39-1870558,Berti,Farragher,7986370674,(979) 3235933,6483125101
41-3236218,Shirlene,Graal,3558884026,(980) 3619062,4249062654
42-4292614,Katlin,Souter,,(689) 2014873,
59-3113146,Grenville,Walewicz,2004301330,(294) 7720513,9547335337
43-2286537,Renate,Oake,2721837418,,5399225759
28-7011284,Chaunce,Cattermoul,5614424042,(458) 1703026,4717143841
46-9990139,Corabelle,Rylands,3695356264,,
74-5783078,Jenny,Packington,8575227123,,9687476884
42-7459854,Lanita,Halse,4909256132,,2898851622
24-5588501,Leslie,Linbohm,5651818481,(792) 6021863,1852569885
26-2734830,Jeramey,Brussell,9148410573,(825) 7200628,1333252184
01-5499412,Shellie,Vlach,1758574938,,5703533191
70-7480767,Loise,Absolon,8226793221,,7413682186
36-3050189,Dareen,Gubbin,3747713089,(310) 5764615,3551882978
29-6406464,North,Quinn,9097561915,,3429459130
83-5226886,Buddy,Boij,8842677990,(596) 2906766,9232737424
25-1402774,Natalee,Pittel,3395949208,,1626290460
92-2870253,Naomi,Feore,5267556498,,8765512877
15-4553864,Eddy,Havesides,,,9849719350
27-6443389,Eleanor,Heminsley,,,9035414973
23-6876379,Harley,Berka,1705811351,(827) 1073485,3319044684
02-1317769,Malory,Gatheridge,4641567777,(746) 4093094,5995489018
76-6999550,Elberta,Moring,2077552656,,3746767611
55-2746513,Dorree,Scoterbosh,6452229632,,2029669254
03-7727901,Arlena,Feathers,,,1431391364
56-8655458,Odell,Danjoie,1346154233,,
81-7237483,Kathrine,Dickman,9113431886,(964) 2786716,2877648859
79-1016047,Lyda,Cathery,6844825825,,5092885279
51-3268996,Albie,Cowlin,3638128428,,6395417132
03-4746658,Siouxie,Licciardello,7474956523,,5133074111
97-7916888,Sol,Madoc-Jones,8276674233,,
70-5336487,Anabel,Dally,1787543894,,
47-0546206,Marilee,Pearmine,4988638779,(573) 6397585,3803350110
60-0339304,Zarla,Dowyer,1204436275,,1067166883
92-8583078,Dawn,MacCurtain,7025256614,(224) 3691380,3343587794
25-1541023,Margareta,Marian,3491732636,,5757087961
42-2482847,Portia,Macauley,,,1209000831
18-9122625,Lorita,Wippermann,7973477441,,8956793995
04-2108779,Jenda,Shaughnessy,4697272051,,1383269051
24-5510874,Isobel,Ambrus,8582174388,,9114548410
09-0940388,Zach,Medgwick,7537258835,(718) 1650981,
86-9059214,Moina,Dionisetto,,(987) 7342651,7971221298
84-0830860,Corie,Gimber,,,6198893288
22-7851610,Aurelia,Elcome,6075617766,(216) 8174841,9659422696
14-2035815,Teena,Cornhill,5588823021,,9018945143
43-7347060,Rustie,Okker,2434190119,,8323224461
62-9491877,Staford,Lait,3561813342,(473) 8930184,4108127073
62-3559394,Alden,Emeney,,,6901458621
37-3959220,Anna-maria,Shortland,4243435767,,7704283966
33-1786252,Cirilo,Dinesen,,,6355569043
64-2690307,Emelyne,McUre,6127798266,(259) 3068203,7854000165
57-8308980,Violetta,Gluyas,6137876468,(302) 2826421,
05-3269211,Daphne,Phizacklea,6086597783,(666) 8593950,6015625718
32-9337059,Jeana,Balcock,5904759482,,9053841071
75-0110472,Adi,Kalinovich,2767547098,,
00-9220841,Billi,Adelsberg,5054607373,,1797445673
21-2503726,Ediva,Rankmore,,(692) 8724806,4155710259
54-0319905,Lin,Hitscher,,,5313882626
50-9773438,Karlene,Pinck,9215344273,(448) 7625771,4416366673
05-0044759,Iorgo,D'Enrico,2006465971,,2581346169
95-6898329,Athena,Bercevelo,,(197) 4593274,
19-0074116,Hermon,Thurske,,,3735349932
47-8078144,Willetta,Pott,,,8805675380
17-3662108,Lorettalorna,Divill,6175834780,,2671413434
20-9185984,Dougie,Silverton,,,7502687624
89-4252710,Shannon,Tuley,1947397843,,7145074456
10-9667508,Gail,Collishaw,8974921783,,9657818738
40-3622740,Justina,Veevers,,,
71-2749279,Ephrayim,Fairholm,8342884722,(574) 1615774,1358774813
55-8079011,Holly,Cosbee,5016062471,(357) 9391613,1817530527
66-2242504,Mallory,McIlraith,2341900649,,6394658745
35-4798153,Carolyn,Dysert,7497290885,,5811505096
82-9679406,Boony,Sherrington,,,3263013790
70-0015277,Gabby,Warsap,6862651907,,
69-1381929,Ewell,Riddle,5256164891,,5279511240
88-0819970,Seward,Eicheler,6529543797,,
34-7047062,Margaretha,Bolf,7969253246,(472) 4132862,8587384296
86-8487320,Brinna,Climie,,,4927295546
92-6805793,Paige,Heffernan,9128125804,,2704905391
91-9246672,Korie,Beecroft,6082856208,(847) 9639080,7651930900
97-6033313,Moe,Maliphant,1615579149,,5808373466
28-5365550,Gustav,Lindell,5087499714,(780) 6976803,9449075192
96-0299315,Obed,Coumbe,3689727154,(656) 7488387,7557236319
24-9543834,Nev,Pinnion,4827478352,,
93-0954927,Dale,Frayn,4804748653,,1696043817
36-0673586,Marcelline,Gerran,9167486526,(106) 5987057,1605350616
64-6797031,Devlen,Bellam,3695451457,(210) 9447668,5682981768
04-2659893,Constancia,Marczyk,8963244412,,
30-3121750,Anabel,Begwell,,(303) 7705963,2526212622
10-9380711,Broddy,Jamblin,8919070521,(579) 1444624,1257918146
84-0824662,Osbert,Wakenshaw,,,3078466007
50-6268998,Winifred,Beevor,6294207422,,3398009034
31-4486900,Missie,Nell,7596905303,,5886463531
61-6153269,Joshua,Anslow,1001915193,(633) 7617849,7882419564
83-8255857,Aileen,Ayris,,,4911586693
25-0243508,Dex,Rallin,2569727141,,5883964133
41-0464346,Talyah,Higginbottam,,,
12-7595441,Chucho,Houndsom,3587987783,(804) 4696955,3502485814
56-8808907,Danila,Rabson,9121618319,,5906317853
41-0343096,Carmita,Gross,2655695185,(733) 4929893,
67-3252331,Rosene,Christer,2647861004,(303) 1067593,2706004373
36-1277854,Elianore,McAdam,5819809517,,
89-7862690,Shelley,Lorincz,4439117001,,9977803803
67-3459671,Isidore,Steddall,,,9647558009
56-8994283,Gawain,Philippault,,,6402581577
52-8595315,Magda,Safhill,6984011506,(943) 1654539,2226823676
67-6769636,Mortimer,Gallahue,8951801986,,9992213921
76-5657181,Lolita,Grabert,6583376492,,4967354179
62-3835001,Hallie,Rowth,,,1463774546
40-8704187,Sherri,Gobbett,8233331891,,4026760800
81-1712589,Gale,Realy,8169862846,,4534089822
33-2347786,Genni,Symmons,1884960781,,8888778851
50-7982549,Rowan,Pearmain,5298285304,,
00-2134241,Briano,Roach,,(298) 7748667,7607339955
68-4978639,Cherida,Glover,2094192976,,2878359694
96-2140589,Gennie,Aldin,8128418181,,8333434713
11-0694693,Alina,Pyatt,,(325) 6212492,4924512750
02-2168248,Donnell,Ronchi,1459475500,(229) 8407114,4046340389
20-7748525,Sibella,Grellis,7692170878,,1322747592
55-8900608,Maureen,Sutherland,,(344) 7412264,1471964889
34-9582782,Shermie,Cathrall,9786661009,(137) 3556202,2036113139
37-5885759,Judie,Chopin,1458379528,,1586775115
93-3275543,Lucina,Schiesterl,1056630112,,8058482500
03-3450434,Tull,Smithyman,1157785409,,9843414102
19-2222620,Kordula,Kilbourn,7776798469,,3545267550
77-2043842,Kayla,Orrell,7095893927,,7585925110
53-2565332,Cookie,Tym,3819554407,,1973404564
92-3754921,Anstice,Carty,1155621838,(506) 6394980,6688779380
61-6667320,Lilli,Sutherns,2077071622,,
42-3991243,Audry,Clunan,,(247) 8957202,7306965748
83-3623629,Gerard,McGoldrick,5632306933,,7142536812
94-5416718,Jaquith,Beardmore,6911005213,,5255951174
03-9782849,Addie,Isakov,3489515428,(966) 1593722,5664119103
96-2298679,Isabeau,Wehden,7026689714,,
44-7606597,Deanne,Slimming,,,
11-1665344,Gardener,Mayling,1033046497,,7656902598
38-2781201,Yettie,Dawes,7795234769,,
79-9708737,Aileen,Wilmington,4561571543,,1025038316
70-6403969,Lilla,Glasscott,,,2606240168
48-8131774,Friedrich,Orpen,9825932038,,6092338547
09-8221463,Mattias,Robertucci,,,3208646934
10-3749969,Paolina,Wigley,,,2122778697
55-6384007,Reube,Minguet,,(609) 6869738,
73-8558547,Prisca,Grindell,,,4172221904
13-1342400,Nydia,Waddie,,,1195929074
81-7419091,Ruth,Robotham,2239322928,,2844909971
23-9890274,Emmalynn,Facchini,8462020515,,
71-5911738,Zsa zsa,Arrell,7762618688,,8872549521
15-3667410,Bettye,Cello,3917378057,(701) 9187524,1584492267
17-1834885,Gussi,Rambaut,,(796) 1619663,
95-5023906,Matt,Bricham,5506535076,(672) 3610563,3298891644
06-4917028,Persis,Rigts,,(812) 8578281,
25-0358119,Demetra,Goodricke,8524732281,,4129634152
77-2731152,Joleen,Kerrod,6708822886,(208) 7693840,7452049184
92-1136051,Janeva,Coffelt,2569399595,,5316453180
52-9623042,Evangelina,Warrell,1323221913,,2644935918
39-2533301,Carolina,Jeannel,2857593822,,6151901995
86-7854970,Nelie,Northing,5515123003,,
21-6001609,Northrup,Kemp,8064204846,,5064136162
63-7576309,Sergio,Barnes,9241599354,,6602056045
13-5617618,Johnnie,Disdel,8319011518,,5553995951
32-8741638,Chrystel,Rishman,8052457872,(909) 4697486,3163827295
78-8074910,Kirstyn,Peschke,6697559069,,1592816393
86-4147017,Lay,Waumsley,,,
09-0117187,Isa,Kretchmer,,(822) 3570729,3462087407
54-2920311,Arluene,Whymark,,,9196995175
87-4373391,Marianna,Slowgrove,2127901552,(646) 9954053,6586409750
33-6357592,Karly,Beaumont,7967243680,,3871229474
89-5602951,Devan,Lackemann,5168113262,,1797946826
27-8902116,Ainslie,Hovard,8345258377,(266) 6060825,8209294467
05-2044877,Kahlil,Fransman,9359256035,,6514493766
38-6126959,Corrianne,Braney,8283048976,(824) 9335401,2643293557
49-7149590,Cullan,Duham,9693495279,,8382737461
63-9054180,Dianne,Cohrs,2222364200,,
09-5916259,Mead,Rallin,6331958729,(997) 5481630,2921858556
02-7495291,Meryl,Blackston,5022906556,(255) 7711531,1929455352
27-0923598,Rebeka,Smees,5083569168,(472) 8674461,
02-3092623,Silvano,Clemerson,4422589073,(992) 6488720,9915574939
55-7534558,Cayla,Hustler,9323820757,(841) 7461236,7538269422
73-7974025,Drusie,Willmot,3954524865,,5867059713
13-0755104,Sergeant,Chaize,3022959492,,
05-4460550,Griz,Heggie,8366410032,(909) 6490516,8168315243
94-4462303,Ellsworth,Tooby,4627123744,,7744681028
00-6468947,Prince,Faulo,6739978368,,5694831807
73-4009718,La verne,Dockree,8963707800,,9743297243
00-7941703,Vernice,Hurley,6127513750,(330) 4133578,4739535591
11-5513754,Anabal,Avison,,(167) 2402419,3037027389
48-1083132,Xavier,Loudwell,1392255390,,9973609846
46-8142327,Lee,Condy,,,4628972851
01-6901622,Hadleigh,Sinclar,8144558765,,2299512958
66-0024259,Gray,Yakovlev,9504863651,(563) 1935563,8814049890
07-7597557,Tedd,Scotchmur,,,7407726227
18-8892263,Arel,Sterling,9529672417,,3828428063
20-8920355,Natalina,Pinkerton,7831180678,,2074995679
04-7559579,Cathryn,Spottiswood,6988313850,,1906162366
05-2348578,Codi,MacKeague,6609242397,,8552489593
16-4204354,Darleen,Wordley,4735550448,,4124803001
32-2987350,Mariquilla,Laingmaid,2616569237,,7229339402
26-3969031,Merwin,Horsley,,,3214941459
14-5312293,Brewer,Fadian,7736290707,,6903977862
39-8220204,Maxine,Bourdice,9764979839,,5767128842
01-8419573,Norah,Trembey,4123166173,(416) 2026346,
96-5417617,Sidonnie,Brosel,2401937371,(647) 2474625,8145660285
76-7977308,Hermann,Alliban,,,
64-8914396,Mora,Boame,5732625482,,6361218766
44-6198098,Lenette,Topp,5445656170,,
60-0582280,Danit,Glewe,9296814777,,8132108216
67-9281317,Woodman,Warrell,,(175) 4228134,6092846126
26-3919048,Frayda,Hazeldene,,,5867464720
52-3866916,Josefina,Broader,5696237020,,4973498203
43-6596970,Emogene,Adamthwaite,3388018350,(406) 9585457,1423579600
41-4075062,Sunny,Lancashire,5717150624,(382) 9520414,5676150143
30-5683721,Keely,Shall,,,2674982219
63-8051488,Hedwig,Ubach,3529639759,,3084486368
30-8475608,Shepard,Skett,6484940459,,
37-4973569,Patricia,Shervington,2896661180,(514) 8294208,2028617154
56-8980394,Osbourne,Barth,4814004227,(712) 4160608,2721781580
73-8636301,Kyla,Gritsaev,3124444506,,4007074949
36-2491641,Averyl,Kincade,8016822477,(797) 6705913,2692513656
98-5038843,Dory,Allmark,,(715) 3753866,4212338632
29-7194713,Dorella,Syde,,,5555591504
81-9750026,Alphonse,Bridgen,7905165835,(457) 6158690,7542092174
21-5192133,Mufinella,Bracci,1529780514,(858) 8397589,4743485428
88-6102952,Thom,Marchelli,,,9489299864
